battery_size_kwh,battery_power_kw,battery_cycles,final_degradation_pct
9.792248348365964e-06,4.896124174182982e-06,9235.720958593723,25.282790566840387
