battery_kwh,IRR,NPV
1.0183002138484737e-15,,-94.14257906587048
