{
    "system_capacity": 10.0,
    "dc_ac_ratio": 1.15,
    "inv_eff": 96,
    "tilt": 10,
    "azimuth": 18,
    "module_type": 0,
    "array_type": 0,
    "losses": 20.28,
    "gcr": 0.3,
    "output_column": "PV_Generation_Actual (kWh)",
    "annual_generation_kwh": 12154.76891246635,
    "monthly_generation_kwh": [
        1.5156073101867202,
        1.2246360794923041,
        1.1612325489065365,
        0.8571860678725087,
        0.6112148765016351,
        0.4927926296929205,
        0.5748665466425991,
        0.7540614692170021,
        0.9431682361105349,
        1.2239292255159056,
        1.3251022991586052,
        1.4709716231690806
    ]
}