battery_size_kwh,battery_power_kw,battery_cycles,final_degradation_pct
2.8633027307400287e-06,1.4316513653700143e-06,9204.512542263781,25.282790566840376
