pv_kw,battery_kwh,IRR,NPC
11.0,0.0,0.10643981296724725,-37672.90216913271
