{
    "system_capacity": 10.0,
    "dc_ac_ratio": 1.15,
    "inv_eff": 96,
    "tilt": 10,
    "azimuth": 18,
    "module_type": 0,
    "array_type": 0,
    "losses": 20.28,
    "gcr": 0.3,
    "output_column": "PV_Generation_Actual (kWh)",
    "annual_generation_kwh": 12154.768912466532,
    "monthly_generation_kwh": [
        1.5156073101867138,
        1.2246360794923483,
        1.1612325489065063,
        0.8571860678725349,
        0.6112148765016817,
        0.49279262969297893,
        0.5748665466426263,
        0.7540614692170591,
        0.9431682361105462,
        1.223929225515837,
        1.3251022991586208,
        1.4709716231690813
    ]
}